data_inicio,data_fim,tipo,fonte,observacao
2023-03-20,2023-03-28,data_fifa,https://digitalhub.fifa.com/m/3123d37097318f7f/original/Men-s-International-Match-Calendar-2023-2030_EN.pdf,"Janela internacional; até 2 jogos por seleção; todas as confederações"
2023-06-12,2023-06-20,data_fifa,https://digitalhub.fifa.com/m/3123d37097318f7f/original/Men-s-International-Match-Calendar-2023-2030_EN.pdf,"Janela internacional; até 2 jogos por seleção; todas as confederações"
2023-06-24,2023-07-16,torneio_continental,https://digitalhub.fifa.com/m/3123d37097318f7f/original/Men-s-International-Match-Calendar-2023-2030_EN.pdf,"Concacaf Gold Cup"
2023-09-04,2023-09-12,data_fifa,https://digitalhub.fifa.com/m/3123d37097318f7f/original/Men-s-International-Match-Calendar-2023-2030_EN.pdf,"Janela internacional; até 2 jogos por seleção; todas as confederações"
2023-10-09,2023-10-17,data_fifa,https://digitalhub.fifa.com/m/3123d37097318f7f/original/Men-s-International-Match-Calendar-2023-2030_EN.pdf,"Janela internacional; até 2 jogos por seleção; todas as confederações"
2023-11-13,2023-11-21,data_fifa,https://digitalhub.fifa.com/m/3123d37097318f7f/original/Men-s-International-Match-Calendar-2023-2030_EN.pdf,"Janela internacional; até 2 jogos por seleção; todas as confederações"
2024-01-12,2024-02-10,torneio_continental,https://digitalhub.fifa.com/m/3123d37097318f7f/original/Men-s-International-Match-Calendar-2023-2030_EN.pdf,"AFC Asian Cup"
2024-01-13,2024-02-11,torneio_continental,https://digitalhub.fifa.com/m/3123d37097318f7f/original/Men-s-International-Match-Calendar-2023-2030_EN.pdf,"CAF Africa Cup of Nations"
2024-03-18,2024-03-26,data_fifa,https://digitalhub.fifa.com/m/3123d37097318f7f/original/Men-s-International-Match-Calendar-2023-2030_EN.pdf,"Janela internacional; até 2 jogos por seleção; todas as confederações"
2024-06-03,2024-06-11,data_fifa,https://digitalhub.fifa.com/m/3123d37097318f7f/original/Men-s-International-Match-Calendar-2023-2030_EN.pdf,"Janela internacional; todas as confederações exceto UEFA (UEFA EURO em seguida)"
2024-06-14,2024-07-14,torneio_continental,https://digitalhub.fifa.com/m/3123d37097318f7f/original/Men-s-International-Match-Calendar-2023-2030_EN.pdf,"UEFA EURO"
2024-06-15,2024-06-30,torneio_continental,https://digitalhub.fifa.com/m/3123d37097318f7f/original/Men-s-International-Match-Calendar-2023-2030_EN.pdf,"OFC Nations Cup"
2024-06-20,2024-07-14,torneio_continental,https://digitalhub.fifa.com/m/3123d37097318f7f/original/Men-s-International-Match-Calendar-2023-2030_EN.pdf,"CONMEBOL Copa América"
2024-09-02,2024-09-10,data_fifa,https://digitalhub.fifa.com/m/3123d37097318f7f/original/Men-s-International-Match-Calendar-2023-2030_EN.pdf,"Janela internacional; até 2 jogos por seleção; todas as confederações"
2024-10-07,2024-10-15,data_fifa,https://digitalhub.fifa.com/m/3123d37097318f7f/original/Men-s-International-Match-Calendar-2023-2030_EN.pdf,"Janela internacional; até 2 jogos por seleção; todas as confederações"
2024-11-11,2024-11-19,data_fifa,https://digitalhub.fifa.com/m/3123d37097318f7f/original/Men-s-International-Match-Calendar-2023-2030_EN.pdf,"Janela internacional; até 2 jogos por seleção; todas as confederações"
2025-03-17,2025-03-25,data_fifa,https://digitalhub.fifa.com/m/3123d37097318f7f/original/Men-s-International-Match-Calendar-2023-2030_EN.pdf,"Janela internacional; até 2 jogos por seleção; todas as confederações"
2025-06-02,2025-06-10,data_fifa,https://digitalhub.fifa.com/m/3123d37097318f7f/original/Men-s-International-Match-Calendar-2023-2030_EN.pdf,"Janela internacional; até 2 jogos por seleção; todas as confederações"
2025-06-14,2025-07-06,torneio_continental,https://digitalhub.fifa.com/m/3123d37097318f7f/original/Men-s-International-Match-Calendar-2023-2030_EN.pdf,"Concacaf Gold Cup"
2025-09-01,2025-09-09,data_fifa,https://digitalhub.fifa.com/m/3123d37097318f7f/original/Men-s-International-Match-Calendar-2023-2030_EN.pdf,"Janela internacional; até 2 jogos por seleção; todas as confederações"
2025-10-06,2025-10-14,data_fifa,https://digitalhub.fifa.com/m/3123d37097318f7f/original/Men-s-International-Match-Calendar-2023-2030_EN.pdf,"Janela internacional; até 2 jogos por seleção; todas as confederações"
2025-11-10,2025-11-18,data_fifa,https://digitalhub.fifa.com/m/3123d37097318f7f/original/Men-s-International-Match-Calendar-2023-2030_EN.pdf,"Janela internacional; até 2 jogos por seleção; todas as confederações"
2025-12-21,2026-01-18,torneio_continental,https://digitalhub.fifa.com/m/3123d37097318f7f/original/Men-s-International-Match-Calendar-2023-2030_EN.pdf,"CAF Africa Cup of Nations 2025; período obrigatório de liberação de jogadores começa em 15/12/2025"
2026-03-23,2026-03-31,data_fifa,https://digitalhub.fifa.com/m/3123d37097318f7f/original/Men-s-International-Match-Calendar-2023-2030_EN.pdf,"Janela internacional; até 2 jogos por seleção; todas as confederações"
2026-06-01,2026-06-09,data_fifa,https://digitalhub.fifa.com/m/3123d37097318f7f/original/Men-s-International-Match-Calendar-2023-2030_EN.pdf,"Janela reservada a amistosos de preparação para a Copa do Mundo de 2026; até 2 jogos por seleção"
2026-06-11,2026-07-19,copa_do_mundo,https://digitalhub.fifa.com/m/3123d37097318f7f/original/Men-s-International-Match-Calendar-2023-2030_EN.pdf,"FIFA World Cup 2026; período de descanso e liberação começa em 25/05/2026"
2026-09-21,2026-10-06,data_fifa,https://digitalhub.fifa.com/m/3123d37097318f7f/original/Men-s-International-Match-Calendar-2023-2030_EN.pdf,"Janela internacional única de 16 dias; até 4 jogos por seleção; todas as confederações"
2026-11-09,2026-11-17,data_fifa,https://digitalhub.fifa.com/m/3123d37097318f7f/original/Men-s-International-Match-Calendar-2023-2030_EN.pdf,"Janela internacional; até 2 jogos por seleção; todas as confederações"
